name,item_num,rating,price
Hydro Flask Wide-Mouth Vacuum Water Bottle with Flex Cap - 32 fl. oz.,Item #207804,1.0, $32.73
NEMO Tensor Ultralight Insulated Sleeping Pad,Item #199935,3.6, $99.83
Eureka SPRK Camp Stove,Item #187621,4.4, $33.49
JBL Clip 4 Eco Speaker,Item #227754,4.2, $49.99
Eureka Ignite 2-Burner Camp Stove,Item #149913,4.5, $87.39
REI Co-op Trailgate Vehicle Shelter,Item #193121,3.5, $73.83
REI Co-op Outward Hammock,Item #217992,4.6, $98.83
NEMO Tensor Ultralight Sleeping Pad,Item #199934,3.8, $89.83
GSI Outdoors Halulite Minimalist II System Cookset,Item #147772,4.4, $25.93
Sea to Summit X-Brew Coffee Dripper,Item #230609,4.0, $13.73
Eureka SPRK+ Butane Camp Stove,Item #179537,4.5, $45.39
Eureka NoBugZone 3-in-1 Shelter,Item #189402,2.8, $230.93
Sea to Summit Thermolite Reactor Extreme Sleeping Bag Liner,Item #797114,4.4, $55.93
Mountain Summit Gear 4-Person Enamel Tableware Set,Item #141510,3.0, $37.73
REI Co-op Quickflow Pump Sack,Item #148117,4.3, $6.83
Solo Stove Bonfire Fire Pit with Stand 2.0,Item #234098,0.0, $239.99
Shokz OpenRun Pro Headphones,Item #211114,4.6, $139.99
Goal Zero Yeti 500X Portable Power Station,Item #180610,3.8, $399.89
Eureka Ignite Plus 2-Burner Camp Stove,Item #149914,4.5, $111.89
Solo Stove Mesa XL Fire Pit,Item #234099,5.0, $89.99
ZOLEO Satellite Communicator,Item #194833,3.8, $149.99
YETI Rambler Vacuum Pint Glass with MagSlider Lid,Item #233808,4.8, $22.49
Insta360 X3,Item #221200,4.2, $404.99
Goal Zero Yeti 200X Portable Power Station,Item #170008,4.0, $174.89
Shokz OpenRun Headphones,Item #211113,4.2, $99.99
REI Co-op Trailsmith Gloves,Item #158399,4.7, $23.89
JBL Charge 5 Portable Speaker,Item #198733,4.3, $129.99
Eureka Space Camp 4-Person Tent,Item #187692,4.4, $279.89
JBL Flip 6 Speaker,Item #225359,4.4, $99.99
Eureka Copper Canyon LX 6-Person Tent,Item #187693,3.7, $230.89
Eureka Copper Canyon LX 4-Person Tent,Item #187691,4.1, $188.89
Eureka SPRK Camp Grill,Item #179538,4.4, $97.89
SPOT X with Bluetooth,Item #172306,2.6, $199.89
Eureka Copper Canyon LX 8-Person Tent,Item #189399,3.5, $349.89
JBL Live 660NC Wireless Over-Ear Noise-Canceling Headphones,Item #205070,3.9, $99.99
Shokz OpenMove Headphones,Item #189217,3.8, $64.99
JBL Tune Flex Earbuds,Item #225821,3.7, $59.99
Shokz OpenRun Mini Headphones,Item #216303,4.4, $99.99
JBL Boombox 3 Speaker,Item #225358,4.5, $399.99
Eureka Space Camp 6-Person Tent,Item #187694,4.0, $349.89
Insta360 Flow,Item #232998,0.0, $139.99
Eureka Griddle,Item #203863,4.6, $34.89
Insta360 ONE RS - Twin Edition,Item #221199,4.0, $411.99
Insta360 GO 3,Item #230575,4.2, $379.99
JBL Vibe Buds True Wireless Earbuds,Item #230653,4.0, $34.99
JBL Pulse 5 Speaker,Item #230654,4.6, $199.99
JBL Xtreme 3 Portable Waterproof Speaker,Item #208306,4.2, $249.99
JBL Endurance Race TWS Active Spot Earbuds,Item #213905,3.9, $59.99
JBL Endurance Peak 3 Earbuds,Item #225357,3.6, $79.99
Eureka Space Camp 4-Person Tent Footprint,Item #189407,4.2, $41.89
Eureka Copper Canyon LX 6-Person Tent Footprint,Item #189406,4.0, $34.89
JBL Wind 3 Speaker,Item #230655,2.2, $55.99
Eureka Copper Canyon LX 4-Person Tent Footprint,Item #189405,4.7, $27.89
SPOT Trace,Item #869419,3.7, $79.89
Eureka Space Camp 6-Person Tent Footprint,Item #189408,4.3, $48.89
Garmin Instinct 2 Solar GPS Watch,Item #211702,4.3, $299.99
Shokz OpenSwim MP3 Player,Item #217617,4.7, $119.99
SPOT Gen4,Item #185349,3.1, $99.89
Garmin Enduro 2,Item #216798,4.7, $799.99
Bark Doggone Fishin' Super Chewer Dog Toy,Item #221097,2.9, $5.83
Big Agnes Rapide SL Insulated Sleeping Pad,Item #203984,4.2, $111.93
REI Co-op Kindercone 25 Sleeping Bag - Kids',Item #193019,4.4, $51.93
Mountain Hardwear Bishop Pass GORE-TEX 15 Sleeping Bag,Item #194123,5.0, $287.93
REI Co-op Trail 40 Pack - Men's,Item #168485,4.5, $89.93
Mountain Summit Gear Aluminum Folding Picnic Table,Item #200660,4.0, $86.93
REI Co-op Trail 40 Pack - Women's,Item #168487,4.7, $89.93
MPOWERD Luci Pro Series Inflatable Solar Lantern,Item #234022,0.0, $34.73
Sea to Summit Premium Blend Silk/Cotton Liner - Rectangular,Item #812068,4.7, $62.93
Sea to Summit Thermolite Reactor Sleeping Bag Liner,Item #705534,4.5, $51.93
Kelty Cosmic 20 Sleeping Bag - Women's,Item #187509,4.5, $160.93
CamelBak Rim Runner X 22 Hydration Pack - Men's,Item #201809,4.6, $59.83
Kelty Mistral 20 Sleeping Bag - Men's,Item #199745,3.1, $55.93
Deuter Speed Lite 13 Pack,Item #205763,5.0, $49.93
Gregory Swift 16 H2O Hydration Pack - Women's,Item #203246,4.7, $79.93
Petzl Swift RL Headlamp,Item #170193,4.4, $90.93
Gregory Kalmia 60 Pack - Women's,Item #186662,4.8, $229.93
Gregory Katmai 65 Pack - Men's Plus Sizes,Item #187526,4.9, $229.93
Full Windsor Magware Magnetic Flatware - Single Set,Item #182806,4.7, $23.93
Osprey Ariel Pro 65 Pack - Women's,Item #126715,4.4, $299.93
Mountainsmith Drift Waistpack,Item #218743,5.0, $39.93
Arc'teryx Aerios 30 Pack - Men's,Item #216646,3.9, $141.93
Gregory Katmai 55 Pack - Men's,Item #186661,4.7, $209.93
Sea to Summit Tek Towel,Item #228562,4.9, $23.93
Coleman Kids' Wonder Lake 2-Person Tent,Item #219297,4.0, $44.93
The North Face Assault 2 FUTURELIGHT Tent,Item #214943,4.2, $559.93
Black Diamond Onsight 375 Headlamp,Item #231798,4.5, $44.73
Gregory Inertia 18 H2O Hydration Pack - Men's,Item #203244,4.3, $79.93
The North Face Assault 3 FUTURELIGHT Tent,Item #214944,4.7, $629.93
Deuter AC Lite 24 Pack - Men's,Item #186310,4.5, $89.93
Arc'teryx Aerios 30 Pack - Women's,Item #216648,4.2, $141.93
Mountain Hardwear PCT 55 L Pack - Men's,Item #184903,4.0, $209.93
Poler 2+ Person Tent,Item #196293,3.9, $195.93
MSR Titan Kettle,Item #649902,4.6, $48.93
Morrison Outdoors Little Mo 20 Baby Sleeping Bag - Infants',Item #179505,4.0, $111.93
Petzl Noctilight Headlamp Case,Item #109954,5.0, $13.93
Exped Stormrunner 25 Pack,Item #216591,0.0, $69.93
Puffin Hoodie Drinkwear,Item #207092,5.0, $15.93
REI Co-op Flash 15 Hydration Vest,Item #201968,4.5, $89.93
Knockaround Premiums Polarized Sunglasses - Loud and Proud,Item #227741,4.9, $18.93
MYSTERY RANCH Glacier Pack - Men's,Item #144965,4.6, $279.93
FORE WINDS Savor Butane Stove,Item #215677,5.0, $44.93
Osprey UNLTD AirScape 68 Pack - Women's,Item #206700,4.0, $524.93
Ruffwear Undercoat Water Jacket,Item #196955,4.6, $55.93
Gregory Kalmia 60 Pack - Women's Plus Sizes,Item #187527,4.9, $229.93
Black Diamond Pursuit 15 Pack - Women's,Item #216636,0.0, $109.93
Petzl Poche Headlamp Pouch,Item #793269,4.7, $13.93
MSR Big Titan Kettle - 2 Liters,Item #114885,3.1, $69.93
Mountainsmith Strapettes,Item #671335,4.5, $19.93
SOL Flat Pack Gear Tub,Item #207902,0.0, $25.93
Morrison Outdoors Big Mo 20 Kids' Sleeping Bag - Toddlers',Item #178515,4.6, $125.93
RovR Products HoldR Umbrella Support,Item #177187,4.3, $29.93
MYSTERY RANCH Glacier Pack - Women's,Item #144966,4.6, $279.93
CEP Max Support Compression Knee Sleeve,Item #221434,0.0, $48.93
Mombasa Nimbus Mosquito Net,Item #729005,4.0, $27.93
REI Co-op Flash Air 2 Footprint,Item #216341,5.0, $26.83
The North Face Wawona Front Porch Vestibule,Item #206322,2.5, $138.93
REI Co-op Flash 2 Footprint,Item #216342,4.3, $26.83
MSR Reflective Utility Cord Kit,Item #829844,4.3, $24.93
MSR E-Bivy,Item #147258,3.3, $93.93
Hydro Flask Limited Edition Polar Ombre Wide-Mouth Vacuum Water Bottle with Flex Cap - 24 fl. oz.,Item #209437,5.0, $27.93
REI Co-op Passage 2/Trail Hut 2/Groundbreaker 2 Footprint,Item #168206,3.8, $27.93
IceMule Clear 15 L Cooler,Item #218851,5.0, $81.93
Ursack Aluminum Bear Sack Liner - 10 Liters,Item #895693,3.3, $21.93
MSR Universal Footprint 3 Large,Item #147310,2.7, $30.83
Ursack Aluminum Bear Sack Liner - 15 Liters,Item #182980,0.0, $24.93
Better Battery Co. Better Battery Pack,Item #225041,0.0, $29.93
REI Co-op Flash Air 2 Footprint,Item #168567,3.8, $29.83
REI Co-op Flash Air 1 Footprint,Item #216320,5.0, $21.83
FORE WINDS Eastern Grill Plate,Item #215678,0.0, $41.93
Hydro Flask Tag Along Bottle Sling - Medium,Item #190457,4.6, $27.93
REI Co-op Flash Air 1 Footprint,Item #168566,4.4, $24.83
MSR Universal Footprint 1 Large,Item #147306,2.7, $25.83
REI Co-op Kindercamp 40 Sleeping Bag - Kids',Item #193018,4.3, $51.93
Mountain Hardwear AMG 105 Pack,Item #166787,3.9, $314.93
Sea to Summit Comfort Plus Self-Inflating Sleeping Pad,Item #230578,5.0, $117.73
Mountainsmith Day Lumbar Pack,Item #218742,4.0, $69.93
Gregory Wander 70 Pack - Kids',Item #145655,4.9, $159.93
Ruffwear Swamp Cooler Dog Harness,Item #205489,4.3, $48.93
NEMO Aurora 2P Tent with Footprint,Item #233420,4.6, $224.73
Mountain Hardwear Bishop Pass GORE-TEX 0 Sleeping Bag,Item #194124,4.7, $351.93
REI Co-op Pride Flannel/Fleece Blanket,Item #219197,4.6, $41.93
Deuter Speed Lite 30 Pack - Men's,Item #205766,5.0, $109.93
Mountain Hardwear PCT 50 L Pack - Women's,Item #184904,4.7, $209.93
Gregory Kalmia 50 Pack - Women's,Item #186663,4.6, $209.93
Osprey IsoForm5 Pack Harness Shoulder Straps - Women's,Item #111308,0.0, $11.83
Osprey UNLTD AntiGravity 64 Pack - Women's,Item #206781,0.0, $524.93
Osprey BioForm4 Shoulder Straps - Women's,Item #846423,0.0, $12.83
Osprey Hikelite 18 Pack,Item #229030,4.2, $69.73
Deuter AC Lite 22 SL Pack - Women's,Item #186341,4.7, $89.93
Arc'teryx Aerios 45 Pack - Men's,Item #216643,4.2, $186.93
CamelBak Rim Runner X 20 Hydration Pack - Women's,Item #201810,4.3, $59.83
Gregory Inertia 24 H2O Hydration Pack - Men's,Item #203245,4.2, $89.93
Mountainsmith Tour Lumbar Pack,Item #218744,3.0, $59.93
Osprey IsoForm4 Shoulder Straps - Women's,Item #846430,0.0, $10.83
Gregory Katmai 65 Pack - Men's,Item #186660,4.9, $229.93
YETI Rambler Stackable Cup with Straw Lid - 26 fl. oz.,Item #228387,4.6, $25.93
NEMO Forte 20 Sleeping Bag - Women's Long,Item #229129,4.4, $164.73
Gregory Baltoro 65 Pack - Men's,Item #222440,4.7, $224.73
Ruffwear Stumptown Insulated Dog Jacket ,Item #139948,4.4, $39.83
NEMO Aurora 3P Tent with Footprint,Item #233421,0.0, $269.73
Rumpl Original Puffy Blanket,Item #234441,0.0, $84.73
GSI Outdoors MicroLite 500 Flip Vacuum Water Bottle - 17 fl. oz.,Item #232076,0.0, $19.73
Gregory Deva 60 Pack - Women's,Item #215733,4.6, $199.73
NEMO Moonlite Reclining Camp Chair,Item #220892,4.4, $119.73
Komperdell Alpinist Powerlock Foam Trekking Poles - Pair,Item #213004,3.2, $56.73
Osprey BioForm4 Shoulder Straps - Men's,Item #846421,0.0, $11.93
Big Agnes Torchlight Camp 20 Sleeping Bag - Women's,Item #223016,5.0, $124.73
Osprey Aether Pro 70 Pack - Men's,Item #126710,4.0, $299.93
Gregory Zulu 40 Pack - Men's,Item #222462,4.5, $141.73
Osprey Kyte 46 Pack - Women's,Item #229027,4.5, $149.73
Mountain Summit Gear Northwood Series II 2-Person Backpacking Tent,Item #171981,3.9, $106.73
Gregory Jade 28 Pack - Women's,Item #222459,4.6, $119.73
GSI Outdoors MicroLite 500 Flip Vacuum Water Bottle - 17 fl. oz. - Brushed Stainless,Item #232073,0.0, $19.73
Leki Civetta Pro Trekking Poles - Pair,Item #227467,5.0, $104.73
Zempire 2-Burner Deluxe & Grill High-Pressure Camping Stove,Item #205323,4.5, $138.73
Big Agnes Sunbeam 15 Sleeping Bag - Women's,Item #223011,3.8, $139.73
Kinco Lined Heavy-Duty Premium Grain and Suede Pigskin Mittens with Knit Wrists,Item #189513,4.2, $47.73
ALPS Mountaineering Zenith 30 Sleeping Bag - 2022,Item #213442,4.5, $125.73
Hydro Flask Wide-Mouth Vacuum Water Bottle - 20 fl. oz.,Item #207806,5.0, $23.73
Komperdell Carbon Trailstick C4 Vario Trekking Poles - Pair,Item #183194,2.9, $86.73
Rumpl Nanoloft Puffy Blanket,Item #234439,0.0, $124.73
Marmot Lozen 30 Sleeping Bag - Women's,Item #224006,3.8, $137.73
Alpine Mountain Gear Weekender Tent 4,Item #189281,3.9, $93.73
ALPS Mountaineering Outback Mat - XL,Item #213450,4.8, $148.73
Gregory Jade 38 Pack - Women's,Item #222460,4.7, $141.73
Zempire Trilogy Tent,Item #205299,4.4, $235.73
ALPS Mountaineering Rendezvous Chair - Salsa/Charcoal,Item #213467,5.0, $44.73
Osprey Skarab 22 Hydration Pack - Men's,Item #229033,4.5, $89.73
"Big Agnes Hinman Self-Inflating Sleeping Pad - 78 x 50 x 4""",Item #232446,4.2, $184.73
Klymit Cross Canyon 3 Tent,Item #229019,4.5, $179.73
Grayl GeoPress Water Filter and Purifier Bottle - 24 fl. oz. - Generation 1 - Discontinued,Item #232613,4.0, $79.73
Gregory Jade 63 Pack - Women's,Item #227815,5.0, $186.73
Ledlenser Kidled4R Headlamp,Item #234512,0.0, $13.73
Klymit Wild Aspen 20 Sleeping Bag,Item #229024,0.0, $79.73
Zempire Zeus 2-Person Tent,Item #205300,4.3, $196.73
Gregory Zulu 30 Pack - Men's,Item #222458,4.7, $119.73
Black Diamond Ion Keychain Light,Item #231797,1.0, $14.73
Osprey Hydrajet 12 Hydration Pack - Kids',Item #229041,0.0, $54.73
Klymit Klymaloft Sleeping Pad - Double,Item #229015,4.7, $189.73
Mountainsmith Lichen Peak 2P Tent with Footprint,Item #174088,4.0, $108.73
Osprey Skimmer 16 Hydration Pack - Women's,Item #229039,0.0, $74.73
ALPS Mountaineering Infinity Down Quilt,Item #193057,4.6, $149.73
Rumpl Flannel Sherpa Fleece Blanket,Item #234446,5.0, $114.73
Gregory Baltoro 75 Pack - Men's,Item #222451,4.5, $247.73
ALPS Mountaineering Wavelength Blanket,Item #151569,4.4, $59.73
Osprey Skarab 18 Hydration Pack - Men's,Item #229038,0.0, $74.73
Gregory Zulu 65 Pack - Men's,Item #227817,4.0, $186.73
Osprey IsoForm5 Pack Harness Shoulder Straps - Men's,Item #111307,0.0, $11.83
ALPS Mountaineering Zenith 30 Sleeping Bag - 2022 - Long,Item #213443,0.0, $123.73
Klymit Double V Sleeping Pad,Item #228759,3.8, $104.73
Mountain Summit Gear Northwood Series II 1-Person Backpacking Tent,Item #171850,4.1, $93.73
ALPS Mountaineering Camp Table,Item #163085,3.5, $63.73
MPOWERD Luci Candle Lantern,Item #147499,0.0, $14.73
Big Agnes Big Six Armchair,Item #232450,2.5, $184.73
Marmot Lozen 30 Sleeping Bag - Women's Long,Item #224007,0.0, $124.73
Sea to Summit Thermolite Reactor Compact Plus Sleeping Bag Liner,Item #797113,4.4, $51.93
NEMO Disco 30 Sleeping Bag - Women's,Item #233417,0.0, $224.73
Big Agnes Seedhouse SL1 Footprint,Item #232420,0.0, $36.73
Osprey Mira 32 Hydration Pack - Women's,Item #229037,5.0, $159.73
Klymit Static V Sleeping Pad,Item #229018,2.6, $44.73
Klymit Klymit Insulated V Sleeping Pad - Double,Item #229011,0.0, $124.73
Gregory Maya 16 Pack - Women's Plus Size,Item #227896,0.0, $81.73
Gregory Miwok 18 Pack - Men's Plus Size,Item #227895,0.0, $82.73
Gregory Citro 30 H2O Hydration Pack - Men's,Item #227891,4.7, $119.73
Gregory Citro 24 H2O Hydration Pack - Men's,Item #227820,4.4, $112.73
Therm-a-Rest UltraLite Cot,Item #227793,2.3, $179.73
Coleman EasyStay Lite Single High Airbed with Pump - Queen,Item #227717,0.0, $59.73
CamelBak Arete 18 Hydration Pack 50 fl. oz.,Item #227650,4.6, $49.73
Big Agnes Soul Kitchen Camp Table,Item #223034,4.0, $96.73
Big Agnes Elsie 15 Sleeping Bag - Women's,Item #223020,0.0, $94.73
Gregory Deva 60 Pack - Women's,Item #222452,4.5, $177.73
Gregory Maya 10 Pack - Women's,Item #222434,4.6, $74.73
Big Agnes Insulated Q-Core Deluxe Sleeping Pad - Long X-Wide,Item #220891,4.3, $174.73
Gregory Deva 70 Pack - Women's,Item #215734,5.0, $247.73
Outdoor Research Deerskin Merino Work Gloves,Item #214927,4.0, $59.73
ALPS Mountaineering Reservoir 3.0 Hydration Reservoir - 3 Liters,Item #213462,4.3, $20.73
Mountain Hardwear J Tree 30 Pack,Item #212526,4.3, $66.73
Mountainsmith Hotbox Hauler,Item #208010,5.0, $59.73
RovR Products BikR Arm,Item #207273,4.7, $29.93
Big Agnes Sun Dog 45 L Pack - Women's,Item #206196,4.3, $114.83
Big Agnes Prospector 50 L Pack - Men's,Item #206195,3.4, $114.83
Trekmates Mountain Pod Emergency Shelter - M,Item #205539,3.0, $43.73
Exped Orion III Footprint,Item #203805,0.0, $54.73
Exped Mira I HL Footprint,Item #203767,4.0, $44.73
OllyDog Rover Dog Pack Bundle,Item #200551,4.3, $44.73
MiiR Food Canister - 24 fl. oz.,Item #197833,3.3, $29.93
Sealskinz Waterproof Cold-Weather Work Gloves with Fusion Control,Item #196998,3.3, $76.93
Sea to Summit Flame Ultralight 48F Sleeping Bag - Women's,Item #191477,4.6, $268.93
Zempire Pocket Rocket Campsite Utility Tent,Item #190505,4.5, $149.93
Ultimate Direction FastpackHer 20 Pack - Women's,Item #187813,3.7, $74.93
ALPS Mountaineering Meramac 5 Floor Saver Footprint,Item #185044,5.0, $33.73
Thule Tepui Anti-Condensation Mat - Autana 4,Item #174362,3.6, $109.93
Mountainsmith Celestial 4 Tent,Item #174094,4.5, $160.73
Mountain Summit Gear Ground Chair,Item #170879,3.7, $27.93
NEMO Forte 35 Sleeping Bag - Women's,Item #163033,4.6, $141.83
RovR Products Essentials Pack,Item #149806,4.8, $59.93
REI Co-op Base Camp 6 Footprint,Item #136060,4.4, $31.83
Marmot Limestone 4P Footprint,Item #110896,4.5, $26.93
Exped Versa 2R Sleeping Pad,Item #226174,4.4, $79.73
Osprey Hydraulics LT Reservoir - 2.5 Liters,Item #233343,2.3, $24.73
Mountain Equipment Transalp Down Sleeping Bag,Item #205586,4.2, $123.73
Mountain Equipment Starlight II Sleeping Bag - Men's,Item #205568,0.0, $96.73
Marmot WarmCube Gallatin 20 Sleeping Bag - Long,Item #229814,5.0, $289.73
ALPS Mountaineering Flexcore Air Pad - Double,Item #213448,4.7, $104.73
Sea to Summit Mosquito Pyramid Net Shelter,Item #230603,0.0, $29.73
ALPS Mountaineering Camp Chair - 2022,Item #213471,5.0, $103.73
Big Agnes Sunbeam 0 Sleeping Bag - Women's,Item #223012,4.5, $164.73
Big Agnes Torchlight 20 Sleeping Bag - Women's,Item #223004,5.0, $190.73
"Big Agnes Hinman Self-Inflating Sleeping Pad - 78 x 50 x 2.5""",Item #232445,0.0, $149.73
NEMO Tensor Alpine Air Insulated Sleeping Pad,Item #233378,0.0, $186.73
ALPS Mountaineering Utility Table,Item #213481,0.0, $118.73
ALPS Mountaineering Canyon 30 Pack,Item #149101,3.1, $63.73
Klymit Pillow X - Large,Item #229021,5.0, $24.73
NEMO Tensor Ultralight Insulated Sleeping Pad,Item #233379,0.0, $149.73
Marmot Ultra Elite 30 Sleeping Bag - Men's,Item #224000,4.0, $123.73
GSI Outdoors MicroLite 720 Flip Vacuum Water Bottle - 24 fl. oz.,Item #232074,0.0, $20.73
Princeton Tec Refuel Headlamp,Item #232274,0.0, $18.73
OllyDog Rover Dog Pack,Item #200490,4.0, $36.73
Komperdell Summit Carbon Trekking Poles - Pair,Item #213002,1.7, $87.73
Mountain Hardwear ACI 3 Tent,Item #230937,0.0, $699.73
Gregory Jade 53 Pack - Women's,Item #227814,4.6, $164.73
Mountain Equipment Nova IV Sleeping Bag - Women's Long,Item #205563,0.0, $152.73
Komperdell Cross Stick Compact Trekking Poles - Pair,Item #213014,3.8, $168.73
Big Agnes Big Six Camp Chair,Item #232448,5.0, $149.73
NEMO Stargaze Recliner Luxury Chair,Item #220893,3.8, $224.73
Komperdell Carbon Trail UL Vario Trekking Poles - Pair,Item #212909,3.5, $132.73
Hydro Flask Wide-Mouth Vacuum Water Bottle with Flex Cap - 40 fl. oz.,Item #207809,0.0, $36.73
Hydro Flask Coffee Cup with Flex Sip Lid - 16 fl. oz.,Item #232896,0.0, $23.73
Big Agnes Three Forks Shelter,Item #232443,4.0, $184.73
Mountain Summit Gear Self-Inflating 2.5 Camp Pad - Large,Item #171847,3.7, $62.73
Smith Monterey Polarized Sunglasses - Women's,Item #226981,0.0, $153.73
Rumpl Original Puffy Blanket - Maggie Thompson Edition,Item #234442,0.0, $99.73
Outdoor Research Warnick Sensor Gloves,Item #214932,4.3, $104.73
Ledlenser MH10 Headlamp,Item #234514,0.0, $67.73
Gregory Deva 70 Pack - Women's,Item #222453,4.5, $227.73
Big Agnes Dog House 4 Tent,Item #232438,5.0, $224.73
Hydro Flask Coffee Cup with Flex Sip Lid - 20 fl. oz.,Item #232897,0.0, $25.73
Mountain Equipment Lunar II Sleeping Bag - Women's,Item #205578,2.0, $77.73
ALPS Mountaineering Aura +35 Sleeping Bag - Long,Item #184971,3.3, $56.73
Mountain Equipment Nova II Sleeping Bag - Men's,Item #205564,0.0, $131.73
Granite Gear Perimeter 50 Pack,Item #234175,0.0, $174.73
UCO 4-Piece Mess Kit,Item #231022,5.0, $12.73
Gregory 3D Hydro Reservoir - 2 Liters,Item #227818,3.5, $29.73
Osprey Hydraulics LT Reservoir - 1.5 Liters,Item #233342,3.3, $21.73
Black Diamond Moji Charging Station Lantern,Item #231800,5.0, $59.73
Komperdell Carbon Trailstick Trekking Poles - Pair,Item #199157,3.0, $85.73
ALPS Mountaineering Dash Chair,Item #184998,2.2, $52.73
MPOWERD Luci Beam 2-in-1 Solar Headlamp and Flashlight,Item #234024,4.5, $44.73
Mountainsmith Morrison 3 Tent with Footprint,Item #174091,3.5, $118.73
ALPS Mountaineering Baja 40 Pack,Item #193029,4.6, $117.73
ALPS Mountaineering Hydro Trail 17 Pack,Item #142389,3.8, $81.73
Gregory 3D Hydro Reservoir - 3 Liters,Item #227819,3.0, $31.73
Rumpl Stuffable Pillowcase,Item #234445,0.0, $27.73
Gregory Amber 55 Pack - Women's,Item #220920,0.0, $142.73
Mountain Summit Gear Northwood Series II 4-Person Backpacking Tent,Item #171982,3.7, $169.73
Tifosi Aethon Sunglasses,Item #233758,0.0, $49.73
Marmot WarmCube Quilt,Item #229815,4.8, $279.73
ALPS Mountaineering Hydro Trail 15 Pack,Item #142388,4.5, $68.73
ALPS Mountaineering Acropolis 3 Tent,Item #193072,3.9, $162.73
Smith Shift MAG ChromaPop Sunglasses,Item #226972,5.0, $199.73
Sea to Summit Ultra-Sil Stuff Sack - Set of 3,Item #230607,0.0, $34.73
Marmot Ultra Elite 30 Sleeping Bag - Men's Long,Item #224001,0.0, $132.73
Zempire Roco Lounger V2 Camping Chair,Item #227878,5.0, $98.73
Princeton Tec Snap Solo RGB Headlamp,Item #232275,4.5, $33.73
Ledlenser MH11 Headlamp,Item #234515,0.0, $109.73
Leki Khumbu FX TA Trekking Poles - Pair,Item #227462,2.4, $109.73
Sea to Summit X-Bowl,Item #230608,5.0, $12.73
ALPS Mountaineering Tri-Awning Elite Shade Shelter,Item #185080,3.7, $125.73
Smith Leadout PivLock ChromaPop Sunglasses,Item #226970,4.5, $113.73
Big Agnes Goosenest Double-Decker Inflatable Cot,Item #232451,0.0, $374.73
Ledlenser MH7 Headlamp,Item #234516,0.0, $51.73
NEMO Tensor Ultralight Sleeping Pad,Item #233380,0.0, $134.73
Rumpl Sherpa Fleece Puffy Blanket,Item #234444,0.0, $119.73
Mountain Hardwear Lamina 30 Sleeping Bag - Women's Long,Item #222695,0.0, $133.73
"Big Agnes Hinman Self-Inflating Sleeping Pad - 77 x 40 x 4""",Item #232447,3.3, $169.73
Dragon Meridien Polarized Sunglasses,Item #229127,0.0, $137.73
SILKY NATA Double-Edge Hatchet/Machete,Item #229358,3.0, $76.73
ALPS Mountaineering Torrent Dry Bag - 50 Liter,Item #185076,0.0, $27.73
ALPS Mountaineering Eclipse Table,Item #213479,5.0, $51.73
Hydro Flask Standard-Mouth Vacuum Water Bottle with Flex Straw Cap - 24 fl. oz.,Item #232895,0.0, $32.73
Pepper's Freebird Polarized Sunglasses - Women's,Item #233484,0.0, $29.73
ALPS Mountaineering Baja 20 Pack,Item #151561,4.0, $81.73
Mountainsmith Upland 4P Tent,Item #144832,3.8, $108.73
CamelBak Insulated Stainless-Steel Camp Mug - 12 fl. oz.,Item #235025,0.0, $17.73
Granite Gear Perimeter 35 Pack,Item #234174,0.0, $159.73
Tifosi Davos Sunglasses,Item #233757,0.0, $44.73
Cedar Ridge Venture Sleeping Pad,Item #234428,0.0, $41.73
Mountain Equipment Classic Comfort 3.8 Sleeping Pad,Item #205515,2.5, $63.73
Alpine Mountain Gear Weekender Tent 3,Item #189270,3.3, $76.73
Marmot Limestone 4P Tent,Item #229816,4.3, $299.73
Pepper's Mojo Polarized Sunglasses,Item #233487,0.0, $29.73
Osprey Heritage Scarab 30 Pack,Item #233346,0.0, $109.73
Black Diamond Bipod Bivy,Item #231816,0.0, $284.73
Ledlenser P7R Core Rechargeable Flashlight,Item #234520,0.0, $69.73
Big Agnes Deep Creek Tarp - Medium,Item #232441,0.0, $184.73
Cedar Ridge Ironwood 5 Tent,Item #213489,4.0, $108.73
ALPS Mountaineering Wavelength Blanket - Double,Item #168427,4.6, $89.73
Mountain Summit Gear Self-Inflating 1.5 Camp Sleeping Pad,Item #171846,3.5, $48.73
ALPS Mountaineering Mystique 2 Tent,Item #193078,4.3, $128.73
PackTowl Luxe Hand Towel,Item #227753,3.5, $15.73
Coleman OneSource Heated Stadium Seat with Rechargeable Battery,Item #227720,3.4, $99.73
Tifosi Seek FC Sunglasses,Item #233754,0.0, $49.73
Mountain Hardwear Outpost 2 Tent,Item #230938,3.0, $489.73
Granite Gear Perimeter 35 Pack - Women's,Item #234176,0.0, $159.73
Mountain Equipment Transalp Down Sleeping Bag - Long,Item #205587,5.0, $116.73
Rumpl Original Puffy Changing Poncho,Item #234443,0.0, $154.73
Tifosi Slice Sunglasses,Item #233759,0.0, $44.73
ALPS Mountaineering Westwind Rocker Chair,Item #213473,0.0, $148.73
Mazama Designs INTAKE Reservoir - 2 Liters,Item #228464,4.3, $18.73
Komperdell Carbon C3 Pro Compact Trekking Poles - Pair,Item #199159,2.5, $135.73
Klymit Static V Luxe SL Sleeping Pad,Item #229016,1.0, $99.73
Marmot Ollan 20 Sleeping Bag - Men's,Item #223991,5.0, $188.73
Marmot Ollan 20 Sleeping Bag - Men's Long,Item #223992,0.0, $197.73
Mountain Equipment Nova II Sleeping Bag - Women's Long,Item #205567,0.0, $121.73
ALPS Mountaineering Iron Ridge Cook Station,Item #213482,5.0, $194.73
FORE WINDS Luxe Camp Stove,Item #232056,5.0, $129.73
Ledlenser ML6 Rechargeable Electric Lantern,Item #234517,0.0, $62.73
CamelBak Hot Cap Insulated Stainless-Steel Travel Mug - 20 fl. oz.,Item #235022,0.0, $19.73
ALPS Mountaineering Equinox Quilt,Item #193056,4.1, $74.73
Marmot Limestone 6P Tent,Item #229817,5.0, $369.73
MSR Titan 2 Pot Set,Item #227789,4.7, $119.73
ALPS Mountaineering Camp Creek 4 Tent,Item #193085,2.0, $178.73
Princeton Tec Snap Solo Headlamp,Item #232273,0.0, $29.73
Granite Gear Perimeter 50 Pack - Women's,Item #234177,0.0, $174.73
Osprey Heritage Waist Pack,Item #233348,0.0, $49.73
Mountain Equipment Starlight I Sleeping Bag - Women's Long,Item #205575,0.0, $116.73
Cedar Ridge Alloy 20 Sleeping Bag,Item #213492,4.5, $41.73
ALPS Mountaineering Paragon 2 Tent,Item #213431,3.0, $166.73
Sea to Summit Mesh Stuff Sack - Set of 3,Item #230602,0.0, $27.73
Trekmates Bomberlite Sleeping Pad,Item #208021,2.0, $53.73
NEMO Riff 15 Sleeping Bag - Women's,Item #233413,0.0, $321.73
NEMO Riff 15 Sleeping Bag - Men's,Item #233411,0.0, $321.73
Ledlenser MH5 Headlamp,Item #196359,2.4, $34.73
Mountain Equipment Nova II Sleeping Bag - Men's Long,Item #205565,0.0, $151.73
Mountain Equipment Starlight II Sleeping Bag - Men's Long,Item #205569,0.0, $100.73
Big Agnes Sand Wash Car Tarp,Item #232440,0.0, $299.73
GSI Outdoors Cascadian 4-Person Table Set,Item #232062,4.0, $24.73
Klymit Pillow X,Item #229022,2.3, $19.73
Pepper's Carlita Polarized Sunglasses - Women's,Item #233485,0.0, $29.73
ALPS Mountaineering Torrent Dry Bag - 20 Liter,Item #185074,0.0, $20.73
ALPS Mountaineering Flexcore Air Pad - Long,Item #213446,3.0, $46.73
ALPS Mountaineering Adventure Chair,Item #184963,4.2, $46.73
Klymit Insulated Hammock V Sleeping Pad,Item #229012,0.0, $139.73
Big Agnes Mica Basin Camp Chair - XL,Item #223032,2.3, $139.73
GSI Outdoors MicroLite 1000 Twist Vacuum Water Bottle - 32 fl. oz.,Item #232070,0.0, $24.73
Marmot WarmCube Gallatin 20 Sleeping Bag,Item #229813,4.7, $274.73
NEMO Riff 30 Sleeping Bag - Women's,Item #233414,0.0, $269.73
CamelBak Carry Cap Insulated Stainless-Steel Bottle - 64 fl. oz.,Item #235024,0.0, $29.73
Mountain Equipment Starlight I Sleeping Bag - Women's,Item #205574,4.0, $132.73
Tifosi Shirley Sunglasses - Women's,Item #233760,0.0, $14.73
Patagonia Organic Cotton Towel,Item #231476,0.0, $43.73
Ledlenser Kidcamp6 Electric Lantern,Item #234511,0.0, $13.73
Zempire Kitpack Spike Table,Item #227877,2.5, $63.73
Ledlenser MH10 Headlamp with Flex 3 Power Bank,Item #234513,0.0, $83.73
Ledlenser P6R Core Rechargeable Flashlight,Item #234519,0.0, $62.73
Cedar Ridge Cobalt Springs 25 Sleeping Bag,Item #234427,3.0, $48.73
ALPS Mountaineering Camp Creek 6 Two-Room Tent,Item #184983,3.5, $238.73
Alpine Mountain Gear Weekender Tent 6,Item #189282,3.9, $117.73
Osprey Heritage Simplex 20 Pack,Item #233347,0.0, $104.73
Mountain Equipment Starlight I Sleeping Bag - Men's Long,Item #205573,0.0, $105.73
ALPS Mountaineering Camp Creek 6 Tent,Item #184981,3.4, $208.73
Esbit Titanium Stove,Item #231018,4.3, $20.73
Mountain Equipment Starlight I Sleeping Bag - Men's,Item #205572,0.0, $100.73
Mazama Designs INTAKE LT Reservoir - 2 Liters,Item #228463,3.0, $15.73
GSI Outdoors MicroLite 1000 Twist Vacuum Water Bottle - 32 fl. oz.,Item #232071,0.0, $24.73
Mountainsmith Antero +35 Sleeping Bag,Item #174080,1.0, $64.73
ALPS Mountaineering Flexcore Air Pad - XL,Item #213447,2.3, $63.73
ALPS Mountaineering Lightweight Cot,Item #151568,3.6, $59.73
GSI Outdoors MicroLite 500 Twist Vacuum Water Bottle - 17 fl. oz.,Item #232077,0.0, $19.73
Dragon Baile Sunglasses,Item #229123,0.0, $80.73
Mountain Summit Gear Self-Inflating 3.5 Camp Pad - Extra Large,Item #131197,3.5, $86.73
Smith Attack MAG MTB ChromaPop Sunglasses,Item #226971,2.3, $141.73
The North Face Wawona Fuzzy Blanket,Item #234212,4.9, $84.73
Komperdell Cross Stick Trekking Poles - Pair,Item #213013,1.0, $163.73
Mountainsmith Upland 6 Tent,Item #174089,1.8, $163.73
ALPS Mountaineering Oasis Sleeping Pad,Item #168410,3.3, $76.73
Osprey Hydraulics Lumbar Reservoir - 1.5 Liters,Item #233344,0.0, $21.73
Outdoor Research PackOut Graphic Dry Bag - 10 L,Item #229003,5.0, $21.73
Ledlenser P2R Core Flashlight,Item #234518,0.0, $20.73
Outdoor Research PackOut Graphic Dry Bag - 8 L,Item #229002,5.0, $19.73
Outdoor Research PackOut Graphic Dry Bag - 15 L,Item #229004,0.0, $22.73
Mountain Hardwear ACI 3 Footprint,Item #231759,0.0, $64.73
Dragon Rune Sunglasses,Item #229119,5.0, $63.73
GSI Outdoors Microlite 720 Twist Vacuum Water Bottle - 24 fl. oz.,Item #232075,0.0, $20.73
ALPS Mountaineering Swift Insulated Air Mat,Item #168419,3.8, $55.73
Gregory 3D Hydro Trek Hydration Reservoir - 3 Liters,Item #227894,1.0, $35.73
GSI Outdoors Cascadian 1-Person Table Set,Item #232040,0.0, $11.73
Outdoor Research PackOut Graphic Stuff Sack - 35 L,Item #228992,5.0, $24.73
ALPS Mountaineering Fusion 40 Sleeping Bag,Item #185031,2.6, $95.73
ALPS Mountaineering Camp Creek 4 Floor Saver Footprint,Item #184980,4.0, $19.73
Dragon Sparrow Sunglasses,Item #229120,0.0, $91.73
Dragon Count Sunglasses,Item #229110,0.0, $91.73
Mountain Equipment Lunar I Sleeping Bag - Women's Long,Item #205583,0.0, $90.73
Deuter Fox 40 + 4L Pack - Kids',Item #205762,0.0, $96.93
CamelBak MultiBev Insulated Water Bottle - 22 fl. oz.,Item #235020,0.0, $37.73
Black Diamond Shot 11 Pack,Item #231806,0.0, $74.73
ALPS Mountaineering Paragon 2 Footprint,Item #213435,0.0, $21.73
Dragon Melee Polarized Sunglasses,Item #229116,1.0, $63.73
ALPS Mountaineering Camp Creek 6 Floor Saver Footprint,Item #184982,5.0, $30.73
Trekmates Mountain Pod Emergency Shelter - L,Item #205540,3.5, $58.73
Outdoor Research PackOut Graphic Stuff Sack - 20 L,Item #228991,5.0, $18.73
ALPS Mountaineering Eclipse Tic-Tac-Toe Table,Item #213480,3.5, $51.73
Outdoor Research PackOut Graphic Stuff Sack - 10 L,Item #228959,5.0, $15.73
ALPS Mountaineering Trail Tent Footprint,Item #213436,1.0, $21.73
ALPS Mountaineering Camp Pillow - Large,Item #213452,2.5, $13.73
ALPS Mountaineering Versa Pillow,Item #185084,4.3, $13.73
Mammut Ducan Spine 55 Pack - Women's,Item #235338,0.0, $179.73
Mammut Ducan Spine 55 Pack,Item #235336,0.0, $179.73
ALPS Mountaineering PolyCotton Sleeping Bag Liner,Item #234426,0.0, $20.73
ALPS Mountaineering Brushed Polyester Sleeping Bag Liner,Item #234425,0.0, $16.73
NEMO Victory Sunshade,Item #233424,0.0, $149.73
NEMO Switch 2P Footprint,Item #233423,0.0, $51.73
NEMO Switch 2P Tent,Item #233422,0.0, $224.73
Osprey Heritage Aether 30 Pack,Item #233345,0.0, $134.73
Big Agnes Goosenest Cot Double-Wide Accessory Cover,Item #232454,0.0, $59.73
Big Agnes Goosenest Cot Single-Wide Accessory Cover,Item #232453,0.0, $36.73
Big Agnes Goosenest Inflatable Cot,Item #232452,0.0, $224.73
Big Agnes Deep Creek Tarp,Item #232442,0.0, $224.73
Big Agnes C Bar 2 Footprint,Item #232435,0.0, $29.73
GSI Outdoors Infinity 1-Person Table Set,Item #232063,0.0, $22.73
Dragon Juniper Sunglasses,Item #229126,0.0, $68.73
Dragon Baile XL Polarized Sunglasses,Item #229125,0.0, $119.73
Dragon Baile XL H2O Polarized Sunglasses,Item #229124,0.0, $137.73
Dragon Wilder LL Sunglasses,Item #229122,0.0, $84.73
Dragon Tracer X Sunglasses,Item #229121,0.0, $169.73
Dragon Ridge X Sunglasses,Item #229118,0.0, $169.73
Dragon Monarch XL Sunglasses,Item #229117,0.0, $99.73
Dragon Kodiak Sunglasses,Item #229115,0.0, $91.73
Dragon Kodiak Sunglasses,Item #229114,0.0, $91.73
Dragon Eden Sunglasses,Item #229113,0.0, $91.73
Dragon Drac Sunglasses,Item #229112,0.0, $99.73
Outdoor Research PackOut Graphic Stuff Sack - 15 L,Item #228960,4.7, $16.73
Smith Flywheel ChromaPop Sunglasses,Item #226975,4.0, $110.73
Big Agnes Sidewinder SL 35 Sleeping Bag - Women's,Item #223008,0.0, $199.73
Big Agnes Big House 4 Vestibule,Item #222997,5.0, $90.73
ALPS Mountaineering Adventure Chair,Item #213476,0.0, $56.73
Mountain Equipment Starlight II Sleeping Bag - Women's Long,Item #205571,0.0, $113.73
Mountain Equipment Nova II Sleeping Bag - Women's,Item #205566,0.0, $201.73
Exped Mira II HL Footprint,Item #203769,3.8, $51.73
Mountain Equipment Starlight II Sleeping Bag - Men's Long,Item #199438,1.0, $103.73
ALPS Mountaineering Taurus 6 Tent,Item #193087,3.8, $224.73
ALPS Mountaineering Dayventure Waterproof Blanket,Item #193055,4.0, $34.73
ALPS Mountaineering Meramac 6 Floor Saver Footprint,Item #185046,3.5, $36.73
ALPS Mountaineering Meramac 4 Floor Saver Footprint,Item #185042,0.0, $22.73
ALPS Mountaineering Camp Creek Two-Room Floor Saver Footprint,Item #184978,0.0, $37.73
Mountainsmith Cottonwood 6-Person Tent,Item #144789,2.3, $172.73
NEMO Stargaze Reclining Camp Chair,Item #216203,4.1, $209.93
Osprey Talon 22 Pack - Men's,Item #177573,4.5, $160.00
Hydro Flask Standard-Mouth Vacuum Water Bottle with Flex Cap - 24 fl. oz.,Item #111143,4.7, $39.95
Osprey Tempest 20 Pack - Women's,Item #177574,4.2, $119.93
Osprey Sirrus 36 Pack - Women's,Item #201314,3.5, $220.00
Osprey Tempest 30 Pack - Women's,Item #184947,4.8, $139.93
Gregory Nano 22 H2O Hydration Pack,Item #218023,4.5, $66.93
Hydro Flask Coffee with Flex Sip Lid - 20 fl. oz.,Item #169962,4.3, $34.95
REI Co-op Flannel/Fleece Blanket,Item #193589,4.6, $59.95
Rumpl Sherpa Fleece Puffy Blanket,Item #195146,4.7, $103.93
Gregory Nano 18 H2O Hydration Pack,Item #218021,4.7, $79.95
Osprey Talon 36 Pack - Men's,Item #184944,5.0, $149.93
CamelBak Arete 18 Hydration Pack,Item #201807,4.1, $75.00
Osprey Stratos 36 Pack - Men's,Item #201311,3.2, $220.00
Nomadix Festival Blanket,Item #187193,4.8, $69.95
ENO DoubleNest Giving Back Printed Hammock,Item #202540,4.6, $84.95
Rumpl Down Puffy Blanket,Item #169971,4.4, $185.93
Osprey Talon 11 Pack - Men's,Item #184942,4.4, $99.93
Deuter Speed Lite 21 Pack,Item #205764,4.7, $59.93
Osprey Ariel Plus 70 Pack - Women's,Item #177571,5.0, $306.93
Osprey Ariel Plus 60 Pack - Women's,Item #177500,0.0, $291.93
REI Co-op Flash 22 Print Pack,Item #201966,4.2, $29.83
CGear Multimats Sandlite Sand-Free Mat,Item #130162,4.4, $48.93
Marmot Limestone 6-Person Tent,Item #217798,2.9, $529.00
Hydro Flask Wide-Mouth Vacuum Water Bottle - 32 fl. oz.,Item #168732,4.6, $30.93
Cocoon AirCore Ultralight Travel Pillow,Item #205188,3.8, $36.95
Gregory Nano 22 H2O Hydration Pack - Plus Size,Item #218024,4.5, $66.93
Neso Sidelines Grande Sunshade,Item #187617,3.4, $134.95
Coghlan's Camper's S'mores Grill,Item #220674,2.5, $7.93
Noso National Park Patch,Item #207637,4.0, $6.93
Nite Ize CamJam Cord Tightener - 2-Pack with 8 Ft. Cord,Item #856612,3.5, $4.93
Hotronic Heat-Ready Insoles,Item #731088,3.7, $8.93
Osprey IsoForm5 CM Custom Moldable Hipbelt - Women's,Item #111306,0.0, $9.83
Sunday Afternoons UVShield Cool Face Mask,Item #213170,4.3, $3.73
Sunday Afternoons UVShield Cool Face Mask - Package of 2,Item #213202,4.4, $5.73
PackTowl Luxe Face Towel,Item #227752,3.0, $9.73
GSI Outdoors Infinity Stacking Cup,Item #232069,5.0, $3.73
Esbit Emergency Stove with 3 Fuel Cubes,Item #231017,3.0, $6.73
GSI Outdoors Cup - 24 fl. oz.,Item #232038,2.5, $4.73
GSI Outdoors Pint Glass,Item #232079,0.0, $3.73
GSI Outdoors Infinity Mug,Item #232066,0.0, $3.73
GSI Outdoors Infinity Serving Bowl,Item #232068,0.0, $3.73
GSI Outdoors Infinity Plate,Item #232067,0.0, $3.73
GSI Outdoors Infinity Bowl,Item #232064,0.0, $3.73
GSI Outdoors Infinity Divided Plate,Item #232065,0.0, $3.73
Sunday Afternoons Artist Series Face Mask - Kids',Item #213169,5.0, $1.73
NEMO Javelin Tent Stake,Item #233425,0.0, $5.73
